<?xml version="1.0" encoding="UTF-8"?>

<beans xmlns="http://www.springframework.org/schema/beans"

	xmlns:xsi="http://www.w3.org/2001/XMLSchema-instance" xmlns:context="http://www.springframework.org/schema/context"

	xsi:schemaLocation="http://www.springframework.org/schema/beans

	http://www.springframework.org/schema/beans/spring-beans-3.0.xsd

	http://www.springframework.org/schema/context

	http://www.springframework.org/schema/context/spring-context-3.0.xsd">
	<context:annotation-config></context:annotation-config>
	<context:component-scan base-package="com.anz.banking"></context:component-scan>
	<bean id="expdate" class="java.util.Date">
		<constructor-arg index="0" value="122"></constructor-arg>
		<constructor-arg index="1" value="9"></constructor-arg>
		<constructor-arg index="2" value="21"></constructor-arg>
	</bean>
	<bean id="dc1" class="com.anz.banking.models.debitCard">
		<property name="cardNo" value="4464546465476"></property>
		<property name="debitLimit" value="544"></property>
		<property name="expriyDate" ref="expdate"></property>
		<property name="balance" value="5449"></property>
		<property name="cvvNo" value="849"></property>
	</bean>
	<bean id="dc2" class="com.anz.banking.models.debitCard">
		<property name="cardNo" value="65464564549"></property>
		<property name="debitLimit" value="999"></property>
		<property name="expriyDate" ref="expdate"></property>
		<property name="balance" value="8979"></property>
		<property name="cvvNo" value="878"></property>
	</bean>
	<bean id="customer" class="com.anz.banking.models.customer">
		<property name="customerId" value="001"></property>
		<property name="name" value="haha"></property>
		<property name="acctNo" value="546498989"></property>
		<property name="address" value="MyLocation"></property>
		<property name="email" value="youremail@yahoo.com"></property>
		<property name="debitCardList">
		<list>
		<ref bean ="dc1"></ref>
		<ref bean ="dc2"></ref>
		</list>
		</property>
	</bean>
	<bean id="pcustomer" class="com.anz.banking.models.PrivilegedCustomer" parent = "customer">
		<property name="rmContactNo" value="4496556"></property>
		<property name="discount" value="0.5"></property>
	</bean>
	<bean id="transaction" class="com.anz.banking.models.transaction">	
		<constructor-arg index ="0" value ="46546"></constructor-arg>
		<constructor-arg index ="1" value ="5000"></constructor-arg>
	</bean>
</beans>